Gend,Gspec,Probability
-1,0,0.244
-2,0,0.256
0,0,0.268
-3,0,0.387352
-4,0,0.456
-5,0,0.298039
-7,0,0.486056
-6,0,0.494024
-8,0,0.480159
-9,0,0.509653
